{
  "version": "v1",
  "blocklist": [],
  "data": [
    {
      "schema_version": "1.0.0",
      "id": "your_repo_name",
      "name": "FX Basic Extension Template",
      "tagline": "A basic Extension Template to help you get started",
      "version": "1.0.9",
      "type": "add-on",
      "maintainer": "your-mail@here.com",
      "license": [
        "SPDX:GPL-3.0-or-later"
      ],
      "blender_version_min": "4.2.0",
      "permissions": {},
      "archive_url": "./your_repo_name-1.0.9.zip",
      "archive_size": 14564,
      "archive_hash": "sha256:0169e7242fa027af011c200eeea9af9e6bf4dbd179e44b4b540bf7d2d0b8f306"
    }
  ]
}